"ID","Description","setSize","enrichmentScore","NES","pvalue","p.adjust","qvalue","rank","leading_edge","core_enrichment"
"hsa04110","Cell cycle",154,0.709504855661773,2.72797694362374,1e-10,1.7e-08,1.03157894736842e-08,2395,"tags=51%, list=13%, signal=44%","991/990/113130/890/5347/9133/9319/891/8318/4085/9212/701/7272/81620/983/10403/4998/699/9088/898/4173/1111/2810/993/4171/995/9700/4176/4175/1869/7532/23594/5111/9232/10926/90381/157570/1021/6502/7534/26271/4172/4174/1870/1017/8317/4609/595/5001/5519/1026/3066/1647/10971/5591/1663/10459/4088/996/11200/1019/51529/9126/5933/7027/9184/7531/27127/5885/9134/8379/7529/1029/27085/8243/5518/1871/1874"
"hsa04640","Hematopoietic cell lineage",94,-0.622634498260294,-2.34641600757897,1e-10,1.7e-08,1.03157894736842e-08,2899,"tags=56%, list=16%, signal=48%","925/947/3674/1440/3563/4254/1437/945/952/2323/3554/926/7124/920/1378/3676/917/2322/3568/912/915/3575/2057/948/916/914/3109/3590/3122/3570/3117/3123/910/3113/921/951/2811/1441/2208/3815/3108/3112/3115/3111/3127/3119/909/933/930/913/911/1380/931"
"hsa03030","DNA replication",36,0.770101389456631,2.34286912380097,2.82753027161557e-09,1.92272058469859e-07,1.16672828049822e-07,2950,"tags=78%, list=16%, signal=65%","4173/4171/4176/2237/4175/5111/5984/10535/5557/5983/5982/4172/5427/5425/4174/23649/5985/6119/246243/5558/54107/6742/1763/5424/3978/57804/10714/5426"
"hsa03040","Spliceosome",129,0.559540711875523,2.11305728153434,2.17262668326653e-09,1.92272058469859e-07,1.16672828049822e-07,5486,"tags=63%, list=30%, signal=44%","10189/6628/3303/9775/51645/6632/3304/3312/8896/6637/51729/22827/6636/27339/84844/6631/9128/23658/9343/51639/55110/6633/10262/9416/10465/8683/57819/25804/11338/5093/6627/9092/6635/3310/10992/55660/3183/83443/6629/10285/9410/84321/11017/6626/9939/27258/4686/10286/56259/23020/23450/988/22938/4116/10713/1665/5356/3190/4670/8175/10523/9785/10084/1659/51340/6634/10946/11157/9716/26121/22916/8449/6426/51503/153527/84991/57461/3192/6428/3178/10291"
"hsa05010","Alzheimer disease",356,0.436485139173199,1.84038863810825,2.33604549039499e-09,1.92272058469859e-07,1.16672828049822e-07,4245,"tags=44%, list=23%, signal=35%","22943/10381/2597/84790/5743/10376/7277/23516/2906/203068/7476/54205/8772/170712/84617/3667/5708/4893/7417/7416/5704/7477/1537/3552/10213/5693/5717/7132/10105/11047/637/5691/8851/25825/1965/27173/5707/201266/5709/5686/5713/102/5714/60673/6868/7384/4726/5701/5688/10383/488/3569/4041/55851/1340/5695/1855/1454/5331/5710/11211/50507/7922/79861/823/1347/55967/5694/5700/808/1020/5718/9377/57142/5692/6389/5604/4709/5690/5685/5481/7388/5970/90550/5702/5689/4704/64837/9167/836/5705/1351/3845/29982/23385/125965/3028/4710/1329/1457/7386/4706/4715/8660/1337/51806/25800/23236/5715/57181/1147/4311/292/26100/4713/7419/51107/4719/805/7186/4700/351/824/7280/4712/4702/4720/1499/4716/4728/27089/5683/1649/5610/1857/5605/5719/8408/6390/3799/5595/1349/147700/4697/468/55630/10313/842/5687/1459/5534/1460/4725/208/5706/4724/5663/6392"
"hsa05310","Asthma",27,-0.821493001548247,-2.44769405297743,4.81927187352372e-09,2.73092072833011e-07,1.65715313545728e-07,560,"tags=52%, list=3%, signal=50%","3109/3122/3117/2206/3123/3113/3108/3112/3115/3111/959/3127/3119/2205"
"hsa03008","Ribosome biogenesis in eukaryotes",72,0.646733306936524,2.22608104790752,8.13399019242309e-09,3.91406921641419e-07,2.375100824821e-07,4229,"tags=69%, list=23%, signal=53%","10248/54913/5901/3692/55505/23160/10799/51068/1736/10885/6949/28987/2091/23560/10528/83732/10940/54433/27341/26354/166378/55341/51096/29107/51119/55813/55127/1457/84128/9790/10813/65083/29102/22803/51602/51077/10436/7514/54552/55131/92856/10199/10607/55651/138716/1459/1460/10556/25996/10775"
"hsa05014","Amyotrophic lateral sclerosis",334,0.429018695334401,1.80059108642547,9.20957462685693e-09,3.91406921641419e-07,2.375100824821e-07,4347,"tags=44%, list=24%, signal=34%","10381/84790/5217/2877/493869/10376/7277/2906/10189/203068/10452/54205/55706/170712/84617/5708/7416/5704/79023/1537/10213/5879/5693/5717/7132/9631/11047/637/5691/23165/71/1965/5707/5709/5686/5713/5714/60673/60/7384/4726/10280/5701/5688/10383/1340/598/5695/57122/25978/5710/79861/1347/55967/5694/5216/5700/23636/5718/9377/5692/6389/6396/2876/4709/5690/5685/7388/90550/5702/53371/10540/5689/4704/9972/64837/9167/29107/836/5705/1351/29982/125965/4710/1329/7386/4706/5861/4715/7415/1337/4686/10762/5715/8480/26100/29979/4713/4719/9688/79902/7186/4700/7280/9883/4712/129401/4702/4720/79139/4716/4218/4728/27089/81929/310/5683/1649/5719/8408/100101267/3309/6390/10133/3799/29978/1349/10121/147700/4697/468/842/5687/1616/5534/6300/4725/5706/56893/3181/4724/5606/11273/6392/9217/29110/4747/1327"
"hsa05320","Autoimmune thyroid disease",49,-0.689693676831061,-2.33988700089066,2.95732782104837e-08,1.11721273239605e-06,6.7793713792454e-07,1198,"tags=47%, list=7%, signal=44%","356/3558/3565/958/941/3133/5551/3134/7253/1493/940/3109/3122/3117/3123/3113/3108/3112/3115/3111/959/3127/3119"
"hsa03050","Proteasome",45,0.714772729994947,2.25601314995773,3.36260222275059e-08,1.1432847557352e-06,6.93757932272752e-07,4147,"tags=80%, list=23%, signal=62%","5708/5704/10213/10197/5693/5717/11047/5691/5707/5709/5686/5713/5714/5701/5688/5695/5710/5694/5700/51371/5718/5692/5690/5685/5702/5689/5705/5696/5715/5698/5721/5683/5719/23198/5687/5706"
"hsa03010","Ribosome",134,0.535759429630439,2.03694810407634,4.57506079743263e-08,1.41293291122835e-06,8.57383438392436e-07,6368,"tags=61%, list=35%, signal=40%","6192/29088/6182/6183/65003/28998/6231/11222/55173/219927/65005/9801/64979/10573/51318/51116/6175/63875/6132/51021/124995/6217/51081/29074/51121/51373/51187/64963/64960/51069/6142/79590/64983/65008/55168/51263/200916/6155/51073/11224/6171/6223/51264/6193/6201/6187/9553/6204/6188/2197/6147/6124/29093/3921/6143/6233/6222/6218/6169/64981/6165/64965/64969/54948/6159/51023/25873/6141/6209/6227/7311/6156/6167/6139/6206/140801/6129/6158/6133/6125/6176/6170"
"hsa05012","Parkinson disease",238,0.461100569725854,1.86930512471757,4.98682203962947e-08,1.41293291122835e-06,8.57383438392436e-07,4489,"tags=50%, list=25%, signal=38%","10381/84790/2861/10376/7345/7277/23516/203068/54205/170712/84617/5708/7417/7416/5704/1537/10213/5693/5717/10105/11047/5691/1965/27173/5707/201266/5709/5686/5713/2770/5714/7384/4726/5701/7295/5688/10383/1340/598/5695/5710/7922/2773/79861/1347/55967/5694/5700/808/7316/10131/5718/9377/5692/6389/4709/5690/7332/5685/7388/90550/5702/5689/4704/64837/9167/836/5705/1351/125965/4710/1329/7386/4706/7326/4715/1337/51806/25800/5715/57181/292/4713/7317/7419/4719/805/4700/7280/4712/4702/4720/4716/4728/27089/5683/1649/27429/5719/3309/6390/3799/1349/147700/4697/468/55630/842/5687/11315/1616/4725/5706/4724/6392/7054/1327/5682/4711/9927"
"hsa04672","Intestinal immune network for IgA production",44,-0.70684562191081,-2.3350243207775,6.02699400018192e-08,1.57629073850912e-06,9.5651078869284e-07,1503,"tags=45%, list=8%, signal=42%","3676/7852/29851/940/3109/3122/3117/3123/3113/3108/3112/3115/3111/23495/608/959/3127/3119/115650/5284"
"hsa04218","Cellular senescence",155,0.499952701793584,1.928376770107,2.07068983366122e-07,5.02881816746296e-06,3.0515429127639e-06,4201,"tags=42%, list=23%, signal=33%","4605/2305/890/9133/891/3576/983/5054/898/3486/1111/1978/993/1869/1021/4893/7417/7416/1870/3552/1017/4609/595/1026/1647/4683/3569/286826/4088/5499/11200/1019/6237/5933/823/808/9134/5604/1029/5481/1871/1874/5970/90550/3845/3805/6009/7046/51806/292/7419/5501/805/824/7042/5605/5500/5595/132660/3364/5534/6300/208/4616/5606"
"hsa04115","p53 signaling pathway",73,0.603059933331158,2.08227799964288,2.37701524830745e-07,5.38790122949689e-06,3.26943851697025e-06,2616,"tags=44%, list=14%, signal=38%","5268/6241/9133/891/983/5054/51512/898/3486/1111/2810/64065/5366/54205/1021/7057/1017/595/637/1026/1647/9540/8797/598/11200/1019/10848/9134/1029/9538/836/51246"
"hsa05322","Systemic lupus erythematosus",50,-0.651763587319489,-2.21563698020287,4.95707136142858e-07,1.05337766430357e-05,6.3920130713158e-06,1528,"tags=44%, list=8%, signal=40%","718/1991/940/717/727/721/1511/3109/729/3122/3117/3123/720/3113/3108/3112/3115/3111/959/3127/3119/730"
"hsa05020","Prion disease",245,0.433158556878478,1.76528439326238,6.18399320416309e-07,1.23679864083262e-05,7.50503200009886e-06,4185,"tags=44%, list=23%, signal=35%","10381/84790/10376/7277/2906/203068/54205/170712/3303/84617/5708/7417/7416/858/5704/1537/3304/3552/10213/5879/5693/3312/5717/10105/11047/5691/10963/1965/5707/5709/5686/5713/5714/7384/4726/5701/3915/5688/10383/3569/1340/5695/5710/79861/1347/55967/5694/5700/857/5718/9377/5692/6389/4709/5690/3310/5685/7388/90550/5702/5689/4704/64837/9167/836/5705/1351/125965/4710/1329/1457/7386/4706/4715/1337/5715/10488/292/4713/7419/4719/4700/7280/4712/4702/4720/4716/4728/27089/5683/1649/5719/3309/6390/3799/5595/1349/147700/4697/468/842/5687/1459/5534/6300/1460/4725/5706/4724"
"hsa05016","Huntington disease",279,0.424874578377248,1.75166610190039,8.03926584154137e-07,1.51852799229115e-05,9.21459710492461e-06,4698,"tags=47%, list=26%, signal=35%","10381/84790/2877/493869/6804/10376/7277/203068/5468/54205/170712/84617/5708/7417/7416/5704/1537/10213/1175/5693/5717/1212/10105/11047/5691/3066/5707/5709/5686/5713/5714/60673/7052/160/7384/1173/4726/5439/5701/5688/10383/1340/5695/5331/5710/163/79861/1347/55967/5694/5700/5718/9377/5692/6389/2876/4709/5690/5685/7388/5702/7019/10540/5689/6648/4704/64837/9167/836/5705/1351/29982/125965/4710/1329/7386/4706/5431/3065/5440/4715/1337/23236/5715/10488/292/26100/4294/4713/7419/4719/7186/4700/5438/7280/4712/4702/4720/4716/4728/27089/5683/5719/8408/5436/6390/3799/5437/1349/10121/147700/4697/842/5687/4725/5706/4724/1213/6392/6667/5434/1327/5430/5682/6908/4711/10671/84516/64764/4708/8678"
"hsa03013","Nucleocytoplasmic transport",105,0.544993617416706,1.99170540817305,1.04486385880809e-06,1.86975637891974e-05,1.13458901011848e-05,5387,"tags=65%, list=30%, signal=46%","1917/3838/402569/10189/5901/55706/9775/5905/79023/1434/51068/9631/3837/23165/11260/23534/55110/57122/3843/3840/23636/6396/55161/3842/53371/9972/29107/6612/3839/57510/10526/84321/9939/4686/10762/8480/6613/3836/9688/79902/10527/4116/9883/129401/7514/81929/100101267/59343/10073/7341/7329/80145/79711/23214/51194/25909/10921/79228/22916/55705/23039/51808/8086/55308/10284/23633/23511/55916"
"hsa05206","MicroRNAs in cancer",161,0.480528111769562,1.86612156369326,1.10287383106907e-06,1.87488551281742e-05,1.13770142573441e-05,3640,"tags=41%, list=20%, signal=33%","5268/1591/113130/6624/9493/5328/8091/898/10642/54541/993/995/5743/3678/672/1869/4233/3371/1946/3925/3667/1021/4854/7057/6541/4893/5962/1870/6768/4082/4609/2146/5155/595/1026/6464/3066/1944/85414/1943/10298/1789/4318/9134/5604/1029/7168/4363/7078/1871/836/3845/578/7430/3065/3690/8660/6659/1399/7422/7042/5292/3190/5605/387/57521"
"hsa04658","Th1 and Th2 cell differentiation",89,-0.537059115892492,-1.99880042265661,1.34982269353422e-06,2.18542721810302e-05,1.32614159364765e-05,4512,"tags=55%, list=25%, signal=42%","3560/3567/6778/4792/3717/4094/6776/3725/7297/3558/4851/3565/5335/6777/30009/28514/5533/3594/4775/6775/3718/27040/920/2353/3561/4772/864/3932/3593/917/4773/3551/915/919/916/3109/3122/3117/5588/3123/3113/7535/3108/3112/5602/3115/3111/3127/3119"
"hsa01230","Biosynthesis of amino acids",73,0.580105352062783,2.00301917821508,1.7608816420933e-06,2.72136253778055e-05,1.65135311890089e-05,4391,"tags=52%, list=24%, signal=40%","1373/2597/5214/5315/7167/5831/226/5230/5223/2023/29968/5723/6472/26227/5053/440/5832/2806/3417/6120/2805/113675/6888/1491/84706/10993/7086/1431/5634/50/435/5091/3421/48/3419/875/3420/5631"
"hsa04514","Cell adhesion molecules",147,-0.465868454088327,-1.89155877285746,2.84700444802658e-06,4.20861527099582e-05,2.55383465360737e-05,3910,"tags=50%, list=22%, signal=39%","257194/5802/1003/5010/8174/3684/4684/958/4359/24146/9073/941/4897/214/4685/9379/3133/3134/3689/5175/5133/925/3695/6401/947/94030/3383/6404/49861/6614/926/10666/137075/920/58494/90952/64101/100506658/1013/3676/201633/1493/29851/940/3385/23114/6402/9369/8516/5788/923/914/3680/3109/3122/3117/6403/6693/23705/3683/3123/57863/3113/3108/3112/3115/3111/959/3127/3119/933/51208/9075"
"hsa04141","Protein processing in endoplasmic reticulum",161,0.470212661052978,1.8260617117305,3.34798460585535e-06,4.74297819162841e-05,2.87809202959495e-05,6034,"tags=63%, list=33%, signal=42%","10970/10484/3303/23480/9532/3304/3312/9601/10130/267/1965/3320/58505/23640/1603/5887/3337/3703/5034/10525/823/23193/7321/3326/6396/6185/3301/1650/51726/3998/6747/10113/3310/29927/22824/54431/6745/5886/51360/56886/9871/578/7326/7415/6184/7184/10273/29979/746/5589/7186/64215/10134/165324/824/55968/811/10483/79139/2923/11253/10808/10802/1649/3309/29978/51035/468/56893/8454/55757/10952/55666/80267/7841/7991/9632/10294/55741/22872/7323/581/4217/26270/56681/9373/7466/10960/821/573/22926/201595/84061/10427/1388/23190/6746/27248/9978/5611/118424"
"hsa05330","Allograft rejection",34,-0.701093605463082,-2.20936426739418,3.62139090974443e-06,4.92509163725242e-05,2.98860049814698e-05,3935,"tags=68%, list=22%, signal=53%","356/3558/3565/958/941/3133/5551/3134/7124/3593/940/3109/3122/3117/3123/3113/3108/3112/3115/3111/959/3127/3119"
"hsa04659","Th17 cell differentiation",105,-0.499890747313145,-1.91364599047443,4.28243845676127e-06,5.60011182807243e-05,3.39821027338141e-05,3151,"tags=39%, list=17%, signal=32%","30009/10148/50943/5533/50615/3594/4775/3718/3554/27040/920/2353/3561/4772/6097/3932/3572/917/4773/3551/915/919/916/6095/3109/3122/3570/3117/5588/3123/3113/6258/7535/3108/3112/5602/3115/3111/3662/3127/3119"
"hsa00591","Linoleic acid metabolism",28,-0.727682872112011,-2.19667633804086,6.03671769571409e-06,7.60179265386219e-05,4.61285250822597e-05,699,"tags=36%, list=4%, signal=34%","5320/8681/8398/8399/50487/26279/84647/246/255189/5319"
"hsa05340","Primary immunodeficiency",36,-0.662108276127118,-2.10797448794355,8.33234273165471e-06,0.000101178447455807,6.13962096016663e-05,2301,"tags=58%, list=13%, signal=51%","3718/3543/926/920/3561/3932/5994/29851/915/3575/29760/916/5788/695/7535/23495/959/973/4261/115650/930"
"hsa04114","Oocyte meiosis",125,0.488727439944855,1.83523898646338,8.82789298405022e-06,0.000103499434985416,6.28046107032248e-05,4216,"tags=41%, list=23%, signal=32%","991/5347/9133/891/4085/6790/983/699/9088/898/995/9700/7532/9232/7534/26271/1017/5519/10971/10459/996/5499/51529/9126/808/7531/27127/9134/8379/7529/5604/8243/5518/7533/109/9748/51806/441272/5501/805/3480/5528/64682/5500/387778/5595/25906/5534/6300/5515/8454"
"hsa05022","Pathways of neurodegeneration - multiple diseases",446,0.358609498385972,1.54067451331302,1.15119304707858e-05,0.000130468545335573,7.91697674482113e-05,4605,"tags=41%, list=25%, signal=31%","22943/10381/84790/2877/493869/5743/2861/6804/10376/7345/7277/2906/203068/7476/10452/54205/8772/170712/84617/5708/4893/7417/7416/5704/7477/1537/3552/10213/5879/5693/5717/7132/10105/11047/637/5691/8851/1965/5707/5709/5686/5713/5714/60673/7384/4726/10280/5701/5688/10383/488/6712/3569/4041/1340/598/5695/1855/1454/5331/25978/5710/11211/50507/79861/823/1347/55967/5694/5700/808/1020/7316/10131/5718/9377/5692/6389/2876/5604/4709/5690/7332/5685/5481/7388/5970/90550/5702/10540/5689/4704/64837/9167/836/5705/1351/3845/29982/578/125965/3028/4710/1329/1457/7386/4706/5861/7326/4715/7415/1337/51806/23236/5715/292/26100/4294/4713/7317/7419/4719/805/7186/4700/351/824/7280/4712/4702/4720/1499/79139/4716/4218/4728/27089/5683/1649/1857/27429/5605/5719/8408/3309/6390/10133/3799/5595/1349/10121/147700/4697/468/842/5687/1459/11315/1616/5534/6300/1460/5578/4725/5706/4724/5606/11273/5663/6392/9217/29110/4747/1327/3265/5682/8312/4711/9927/10671/1131/283106/84516"
"hsa01250","Biosynthesis of nucleotide sugars",36,0.6532558334222,1.98739145652967,2.34663744423874e-05,0.00025737313904554,0.000156176889327944,3372,"tags=58%, list=19%, signal=48%","64841/7358/55276/3099/55907/2821/9945/5236/5238/2762/80201/6675/2673/2584/2582/7360/5373/3098/7264/54187/29926"
"hsa05332","Graft-versus-host disease",37,-0.652504157836668,-2.08440912540471,2.70700370620909e-05,0.000287619143784716,0.00017453050211085,975,"tags=32%, list=5%, signal=31%","940/3109/3122/3117/3123/3113/3108/3112/3115/3111/3127/3119"
"hsa01200","Carbon metabolism",113,0.477181243728705,1.77108066585212,4.60154381246113e-05,0.000460154381246113,0.000279226807195784,4391,"tags=49%, list=24%, signal=37%","1373/2597/5214/3099/5315/7167/2539/5226/226/5230/5223/2023/29968/2821/5723/6472/39/4191/1737/1738/26227/80201/2806/283871/4199/6389/3417/6120/2805/113675/6888/2746/4190/84706/10993/2653/7086/2271/3098/4967/1431/5634/50/8801/8803/5091/6390/3421/25796/2731/48/3419/6392/3420/5631"
"hsa04820","Cytoskeleton in muscle cells",232,0.410320945243638,1.65841158850913,4.52559158548539e-05,0.000460154381246113,0.000279226807195784,2260,"tags=28%, list=12%, signal=25%","1301/5318/2274/2318/7138/3691/1829/1832/1277/7058/1290/1281/3688/1824/22801/84823/1462/3678/5339/81624/1289/1278/4001/7171/2335/3673/10611/9260/3728/2023/3693/3655/7169/64423/1291/7057/1282/1284/1292/3685/7791/22795/7170/3675/7414/50509/71/4000/375790/60/830/1605/29766/6712/165904/7137/829/483/4627/3696/633/2200/2275/1293/7168"
"hsa03440","Homologous recombination",37,0.653917320581396,2.00353378269116,5.24567287952435e-05,0.000482034805145481,0.000292504092286422,3595,"tags=59%, list=20%, signal=48%","5888/8438/672/146956/7516/641/5425/83990/6119/4683/6742/11073/5932/5424/57804/580/10714/25788/675/79728/6117/79184"
"hsa03410","Base excision repair",44,0.610875516160008,1.92382987243407,5.24567287952435e-05,0.000482034805145481,0.000292504092286422,3597,"tags=57%, list=20%, signal=46%","55247/2237/5111/5984/5983/5982/7374/5427/5425/5985/54107/6996/55775/5424/328/23583/3978/57804/10714/10038/5426/8505/56655/4350/3980"
"hsa00240","Pyrimidine metabolism",58,0.571646914317394,1.90316627377405,5.1380693332777e-05,0.000482034805145481,0.000292504092286422,1599,"tags=31%, list=9%, signal=28%","978/6241/7083/4907/7371/7298/4830/5167/1841/124583/4831/318/1503/6240/790/7378/79077/4833"
"hsa03430","Mismatch repair",23,0.722409781168866,1.9862985798482,7.56679405686599e-05,0.000677028941930115,0.000410828707796602,2702,"tags=65%, list=15%, signal=56%","9156/5111/5984/5983/5982/5425/5985/6119/6742/4436/2956/5424/3978/57804/10714"
"hsa05165","Human papillomavirus infection",330,0.371579362232128,1.55682564711316,8.37895556239974e-05,0.000730473049029721,0.000443259187646518,3051,"tags=25%, list=17%, signal=21%","3918/890/3914/6696/3691/1277/898/7058/1978/3688/5743/22801/3381/3678/3909/5315/5522/1278/1869/9636/3371/7283/7476/2335/3673/8772/3693/1021/3912/4854/3655/1291/7057/4893/1282/1284/7477/1292/3685/57801/1017/8638/54626/148022/7132/3675/595/5519/1026/3066/5829/3915/1855/1019/11211/182/6772/5933/3696/5700/56288/9134/5604/9296/1293/5518/3996/5970/836/3845/578/23513/9368/1311/527/6009/3065/3690/3911/3280/10488/1147"
"hsa05321","Inflammatory bowel disease",62,-0.536401374412137,-1.8972192367374,9.53914162654115e-05,0.000810827038255998,0.000492018883895281,2669,"tags=39%, list=15%, signal=33%","50943/50615/3594/6775/8807/7124/3561/4772/6097/3593/7100/6095/3109/3122/3117/3123/3113/3108/3112/3115/3111/7097/3127/3119"
"hsa00982","Drug metabolism - cytochrome P450",67,-0.540700180483805,-1.92207516800657,0.000104118811610914,0.000842866570183591,0.000511460828965894,1363,"tags=25%, list=8%, signal=24%","2940/4129/131/2941/1565/2328/2329/4128/1548/2327/27306/2330/2946/126/2939/2938/125"
"hsa03420","Nucleotide excision repair",61,0.562153084090017,1.88713212736804,0.000102743676757589,0.000842866570183591,0.000511460828965894,5529,"tags=66%, list=30%, signal=46%","5111/5984/5983/5982/5427/5425/5985/6119/5439/54107/5887/5424/5886/3978/2967/57804/10714/5431/5440/5426/1642/56655/5438/8450/6117/2068/5436/5437/5434/5981/5430/1022/404672/81488/1161/5441/5433/2965/8451/2071"
"hsa05130","Pathogenic Escherichia coli infection",196,0.408405215495137,1.61672941046793,0.000143483726006778,0.00113452248470476,0.000688440888551494,4721,"tags=47%, list=26%, signal=36%","3576/10381/2597/84790/4643/3688/9071/10376/9074/7277/203068/10552/54205/8772/84617/9069/3654/2768/55971/10095/5879/2147/7132/71/8936/60/10061/4645/8797/10383/3569/10096/10787/9076/5062/4627/79861/2017/4691/5058/8976/10094/10097/6714/23191/5781/4793/5970/836/4690/9871/578/1364/9368/7430/5861/1366/1147/10093/4641/7082/7009/7186/8795/10092/7280/837/10109/382/81873/10802/10672/387/4651/375/5595/4615/10163/842/6188/6300/25/147179/6885/23562/8440/4642/4640/9632/23118/8517/2149/10006"
"hsa00430","Taurine and hypotaurine metabolism",16,-0.77544766501103,-1.98928943557931,0.000195245839570923,0.00138299136362737,0.000839214573594317,1387,"tags=62%, list=8%, signal=58%","2678/2686/570/1036/2328/2329/2327/2330/51380/124975"
"hsa05222","Small cell lung cancer",92,0.502849694622173,1.80582015307879,0.000179106580928259,0.00138299136362737,0.000839214573594317,3051,"tags=42%, list=17%, signal=35%","3918/3914/898/1163/3688/5743/3909/1164/1869/2335/3673/54205/1021/3912/6502/3655/1282/1284/1870/3685/1017/4609/3675/595/1026/1647/3915/598/1019/330/9134/1871/5970/836/578/329/9618/3911/1147"
"hsa01232","Nucleotide metabolism",81,0.508811695371649,1.7954796676868,0.000192240481504651,0.00138299136362737,0.000839214573594317,1599,"tags=30%, list=9%, signal=27%","978/6241/7083/4907/7371/7298/4830/5167/1841/954/205/4860/124583/100/4831/1503/6240/8833/9615/3251/7498/7378/79077/4833"
"hsa00190","Oxidative phosphorylation",106,0.471974609660313,1.72169132755818,0.000190052378463135,0.00138299136362737,0.000839214573594317,6108,"tags=61%, list=34%, signal=41%","54205/170712/1537/7384/4726/1340/1347/55967/9377/6389/4709/9296/7388/4704/9167/1351/125965/4710/1329/7386/4706/527/4715/1337/4713/4719/4700/4712/4702/4720/4716/4728/27089/529/6390/1349/4697/4725/4724/6392/1355/51382/1327/1352/4711/10063/4708/533/5464/9550/4723/7385/54539/90423/4694/1345/4717/528/4718/440567/4696/4722/27068/51079/4698"
"hsa04932","Non-alcoholic fatty liver disease",151,0.437976745893273,1.6832252321636,0.00019176849198293,0.00138299136362737,0.000839214573594317,5434,"tags=55%, list=30%, signal=39%","3576/5468/54205/170712/3667/79602/1537/3552/5879/7132/637/1965/7384/4726/3569/1340/2931/1347/55967/9377/6389/4709/7388/5970/4704/9167/836/1351/125965/4710/1329/7386/4706/5563/4715/8660/1337/83737/4713/4719/3952/7186/4700/6945/4712/4702/4720/4716/9021/4728/27089/1649/6390/5571/1349/4697/468/4296/6300/4725/208/5565/4724/6392/1327/5562/4711/10018/4708/581/2932/4723/7385/1432/998/54539/4217/3553/5603/4694/1345/207/4717"
"hsa00052","Galactose metabolism",31,0.640525058407435,1.88657200408277,0.0002289458814855,0.00158860407561368,0.000963982658886317,3010,"tags=48%, list=17%, signal=40%","57016/5214/441282/55276/3099/2683/5236/8704/2717/231/80201/2584/2582/7360/3098"
"hsa05132","Salmonella infection",247,0.383309727957036,1.56505214293066,0.000244436739222008,0.00163936833359197,0.000994786976421131,4721,"tags=44%, list=26%, signal=33%","113146/3576/10381/2597/84790/5217/10376/7277/6281/302/203068/8767/10552/54205/8772/84617/3654/51429/10095/1434/5879/5898/4609/7132/71/3320/8655/60/8797/7295/10383/3569/10096/10787/57617/6237/10627/330/79861/5216/3840/5058/3326/1781/5878/5604/8976/10094/10097/23191/103910/5970/10540/64837/836/578/3839/4074/329/7184/6990/1147/3836/10093/7879/7186/8795/60412/10092/7280/1780/65082/837/10109/83658/1499/197259/382/81873/5605/387/5585/375/3799/5595/4615/10398/55770/10121/2316/147700/64746/6188/6300/208/5606/6885/929/79026/3265/10640/10671/25828/84516/23118/8517/26263/10006"
"hsa04060","Cytokine-cytokine receptor interaction",294,-0.339688324545166,-1.50516618330276,0.000245905250038795,0.00163936833359197,0.000994786976421131,2904,"tags=26%, list=16%, signal=22%","10220/2660/8742/643/654/1440/50615/3594/3563/2690/6368/8807/151449/8740/1437/3554/2920/7124/920/3561/2833/6367/6376/1234/10663/3572/944/3593/4049/4803/8764/1271/1896/2829/3598/3568/7852/9966/4804/8718/1439/3575/2057/3587/1489/146433/729230/60401/1524/6358/55504/3590/3570/2662/3603/3977/11009/1441/4050/939/27178/6361/23495/608/1233/90865/959/653/115650/1236/9518/10563/9547/651/6363/284340"
"hsa04972","Pancreatic secretion",100,-0.456361448498041,-1.72834958229135,0.000283783282022758,0.00182049652618373,0.00110469758245205,2007,"tags=23%, list=11%, signal=21%","3708/111/5332/5320/1056/3709/115/482/477/8399/5330/1359/5579/1361/280/50487/8671/26279/3784/1080/84647/5319/6344"
"hsa05203","Viral carcinogenesis",165,0.418345145676113,1.62734426762463,0.000281940873135945,0.00182049652618373,0.00110469758245205,3634,"tags=33%, list=20%, signal=27%","991/890/983/898/1111/5366/5315/7532/4055/87/5902/1021/6502/7534/81/4893/5879/1017/595/1026/3066/10971/5829/1019/5933/2961/5700/7531/9134/8379/7529/1029/6714/27044/5970/2958/2967/836/3845/578/7533/23513/3065/10488/7419/7186/1642/2960/22938/4791/2959/9093/3190/5610/387"
"hsa04510","Focal adhesion",199,0.394180266164852,1.56495036531665,0.000298889515817604,0.00188189695144417,0.00114195604483919,2323,"tags=30%, list=13%, signal=26%","3918/3914/6696/3691/1277/7058/3688/22801/3381/3678/3909/7424/1278/4233/3371/2335/3673/87/5881/3693/9564/3912/3655/1291/81/7057/1282/858/1284/1292/3685/5879/7791/7408/5155/3675/595/7414/71/6464/60/5829/7410/10298/3915/5499/10627/5062/3696/330/5058/857/2012/5604/6714/2317/1293/2002/103910"
"hsa05100","Bacterial invasion of epithelial cells",69,0.518851988127486,1.78427201727892,0.000338931971570561,0.00205780125596412,0.00124869673736522,3862,"tags=54%, list=21%, signal=42%","3688/3678/4233/2335/10552/9564/858/10095/5879/1212/23607/7414/71/6464/8936/60/5829/10459/10096/2017/79658/857/8976/10094/10097/6714/10093/1399/10092/10109/1499/81873/999/387/1495/3611/10163"
"hsa04512","ECM-receptor interaction",89,0.484414103366165,1.73459595306429,0.000338599670863066,0.00205780125596412,0.00124869673736522,1538,"tags=33%, list=8%, signal=30%","3918/3914/3161/6696/3691/1277/7058/3688/22801/3381/3678/3909/1278/3371/2335/3673/3693/3912/3655/1291/7057/1282/1284/1292/3685/3675/375790/1605/3915"
"hsa00592","alpha-Linolenic acid metabolism",24,-0.674104635625973,-1.93955151435574,0.000393422510657502,0.00234673076532545,0.00142402238391266,699,"tags=42%, list=4%, signal=40%","123745/5320/8681/8398/8399/50487/26279/84647/255189/5319"
"hsa04520","Adherens junction",88,0.483055990811722,1.728125415774,0.000429016966476877,0.00249270132116127,0.00151259894411024,4321,"tags=49%, list=24%, signal=37%","4233/6615/6591/87/5881/81/5879/117178/7414/71/8936/60/7525/4088/57154/10627/56288/11235/8976/6714/103910/83605/1457/7046/52/1500/4008/7082/3480/1499/5792/999/387/1495/5595/10163/10398/2064/1956/1459/1460/5908/6885"
"hsa04120","Ubiquitin mediated proteolysis",137,0.436208149098461,1.65774622321518,0.00043255699396622,0.00249270132116127,0.00151259894411024,6202,"tags=56%, list=34%, signal=37%","991/11065/27338/672/23624/6502/10054/10477/4734/27339/3093/996/997/57154/9690/51529/10055/330/7321/9040/7316/55236/7328/65264/7332/8453/4281/54926/5371/329/7326/140739/7334/10273/83737/7317/1642/9616/8450/9320/9021/64682/9886/92912/25906/4591/7329/8454/7324/9354/10075/51343/7323/51434/6233/9039/63893/9246/9820/7319/55120/1161/7325/9817/8451/7337/7311/51433/10393/7314/55585/9978/118424/10401/246184/51588/11059"
"hsa00564","Glycerophospholipid metabolism",89,-0.447611802208144,-1.6658997733479,0.000567383061398418,0.00320234477852101,0.00194321850337498,3796,"tags=38%, list=21%, signal=30%","9663/56261/1103/8526/64900/100137049/8527/9468/54675/162466/8605/23646/23175/123745/9489/5320/1120/2819/3931/1119/8681/8398/51365/122618/43/8399/79888/23171/50487/375775/26279/84647/255189/5319"
"hsa05160","Hepatitis C",157,0.420577390781164,1.62656526009025,0.000574538327911122,0.00320234477852101,0.00194321850337498,4386,"tags=38%, list=24%, signal=29%","9071/9074/5522/1869/4938/7532/4940/54205/8772/9069/1021/7534/4893/949/1870/10197/1017/4609/148022/7132/595/637/5519/1026/1965/10971/3627/9076/1019/27102/6772/7531/7529/5604/5518/1871/5970/836/3845/578/7533/1364/3949/1366/1147/7186/1499/9021/4939/5610/5605/5595/440275/842/1956/5515/208/29110/23586/3265"
"hsa04940","Type I diabetes mellitus",40,-0.560457193890855,-1.81336054269225,0.000740147220590294,0.00405887185485,0.00246296867972322,1374,"tags=35%, list=8%, signal=32%","3593/4049/940/3109/3122/3117/3123/3113/3108/3112/3115/3111/3127/3119"
"hsa03020","RNA polymerase",34,0.605828598643047,1.80971601772085,0.000883771810969351,0.00476956215443777,0.00289422347451951,5817,"tags=74%, list=32%, signal=50%","10849/221830/5439/10622/25885/5431/5440/661/5438/84172/5436/5437/11128/10623/27297/5434/5430/30834/51728/81488/10621/5441/5433/9533/64425"
"hsa00590","Arachidonic acid metabolism",58,-0.499200353565027,-1.73301638601824,0.000913390972154364,0.00485238953957006,0.00294448405497131,699,"tags=34%, list=4%, signal=33%","4048/239/123745/2678/240/113612/5320/8681/8398/8399/2053/27306/50487/26279/84647/246/255189/5730/247/5319"
"hsa04814","Motor proteins",190,0.385913876623995,1.52370441672149,0.00105575385377635,0.00552240477359939,0.00335105676664235,2703,"tags=25%, list=15%, signal=22%","24137/11004/9493/3833/10381/146909/7138/10112/3832/84790/9928/4643/10376/56992/1062/7277/81930/7283/7171/203068/3797/9585/84617/7169/7170/71/8655/59/60/830/4645/80179/10383/140465/7137/10627/829/4627/79861/1781/4637/7168/103910/140469/10540/64837/347240/72"
"hsa00020","Citrate cycle (TCA cycle)",30,0.634832013994153,1.84320220524819,0.0012524186453155,0.0064518536273829,0.00391505669030046,4367,"tags=70%, list=24%, signal=53%","4191/47/1737/1738/6389/3417/4190/2271/4967/1431/50/5105/8801/8803/5091/6390/3421/48/3419/6392/3420"
"hsa03460","Fanconi anemia pathway",49,0.531898205885945,1.70872866868596,0.00135014072184162,0.00685146037949479,0.00415754252130334,3594,"tags=41%, list=20%, signal=33%","5888/29089/55215/672/146956/641/83990/2175/116028/2189/2177/6119/7398/2187/80010/675/3280/79728/2178/6117"
"hsa00980","Metabolism of xenobiotics by cytochrome P450",72,-0.454252629720491,-1.64264001227151,0.00144333508015158,0.00701048467502198,0.00425404023623625,1363,"tags=18%, list=8%, signal=17%","2940/131/27294/2941/1565/1548/27306/2946/126/2939/2052/2938/125"
"hsa04914","Progesterone-mediated oocyte maturation",97,0.449622093242516,1.6167316840977,0.00140526060072075,0.00701048467502198,0.00425404023623625,2182,"tags=22%, list=12%, signal=19%","890/5347/9133/891/4085/6790/983/699/9088/993/995/1017/3320/2770/10459/996/51529/2773/3326/8379/5604"
"hsa04151","PI3K-Akt signaling pathway",357,0.331161663646006,1.39612866641203,0.00142422658770291,0.00701048467502198,0.00425404023623625,3051,"tags=26%, list=17%, signal=22%","3918/3914/2069/6696/3691/1277/898/7058/54541/1978/2786/3688/22801/3381/3678/3909/7424/374/672/5522/1278/1969/4233/7532/3371/2335/3673/1946/3693/3667/1021/3912/3655/1291/7534/7057/4893/7039/1282/1284/1292/3685/5879/1017/4609/9180/5155/3675/595/5519/1026/1944/3320/10971/2783/1943/3915/3569/3481/598/1019/3696/7531/3326/9134/7529/5604/285/1293/5518/5970/11140/2782/9048/3845/2250/56034/64223/7533/5586/1311/5228/1977/55970/2792/6009/3566/3690/5563/3911/7184/10488/1147"
"hsa04657","IL-17 signaling pathway",93,0.461131328341776,1.65148552960816,0.00151309329686595,0.00714516279075587,0.00433576441791997,3051,"tags=32%, list=17%, signal=27%","8061/4312/6374/4586/3576/727897/6280/5743/6354/6279/5597/6278/8772/3934/4322/3320/4314/6356/1051/3569/3627/6364/3326/4318/5970/836/2919/9618/7184/1147"
"hsa05415","Diabetic cardiomyopathy",176,0.385065054004608,1.50684402213427,0.00149594986546216,0.00714516279075587,0.00433576441791997,4252,"tags=40%, list=23%, signal=31%","6513/2597/1277/1281/1278/2539/170712/3667/9945/7417/7416/1537/5879/10105/7384/2936/4726/488/4088/5499/1340/7137/5331/1347/55967/2673/4318/9377/6389/4709/4313/7388/5970/4704/9167/1351/125965/4710/1329/7386/4706/4715/7046/1337/23236/292/4713/7419/5501/4719/4700/4712/4702/7042/4720/4716/4728/27089/5500/6390/1349/4697/6300/5578/4725/208/4724/183/6392/6667"
"hsa00051","Fructose and mannose metabolism",31,0.598945826514773,1.76410651454362,0.00166487466864814,0.00775421078548448,0.00470534152927231,3372,"tags=48%, list=19%, signal=39%","57016/5214/441282/3099/7167/226/6652/5210/2762/231/80201/5373/3098/7264/29926"
"hsa04137","Mitophagy - animal",99,0.443929904007658,1.60854089418428,0.00169525740485126,0.00778902050877605,0.00472646445733779,6281,"tags=64%, list=35%, signal=42%","1869/10452/192111/4893/267/1965/3091/11331/598/57154/6237/4976/7316/5878/6714/23786/5970/8887/3845/4580/1457/79065/51024/79594/7415/7879/7186/23710/221960/8408/10133/51622/468/25813/1459/1460/79671/6667/29110/3265/10075/9927/283106/23770/8678/6233/5868/7030/285973/84134/55669/7311/10651/7314/4077/9804/664/65018/81631/4286/9958/64786/22879"
"hsa04144","Endocytosis",240,0.354013657948886,1.43764516876238,0.00241681856119864,0.0109562441441005,0.00664837105957802,4386,"tags=40%, list=24%, signal=31%","23624/10552/55040/3303/92421/10890/6455/8853/858/3304/10095/1175/3312/1212/50807/4734/160/830/7037/1173/5119/84313/11021/10096/4088/51534/25978/57154/381/829/163/51510/58533/5337/857/9146/11267/28964/56288/5878/11031/8976/10094/8027/10097/6714/378/3310/29924/26056/9559/29934/8766/10938/79720/3949/5371/128866/57132/7046/26286/10617/83737/10093/7879/30846/9525/3480/832/10092/10109/60682/9829/4218/382/81873/387/7251/377/51100/375/3799/55048/30011/8724/57403/27243/10564/1956/100526767/1213/274/147179/55737/155382/3265"
"hsa04662","B cell receptor signaling pathway",81,-0.428187159335003,-1.57670310848781,0.00282947881258313,0.0126581946878719,0.00768113361864673,2917,"tags=32%, list=16%, signal=27%","6850/5533/8503/8519/975/4775/7409/2353/4772/23547/5293/5295/4773/3551/3635/29760/695/5336/5579/55024/974/973/933/930/640/1380"
"hsa05211","Renal cell carcinoma",65,0.478562131836326,1.6256353574709,0.00292510012085826,0.0129160265076858,0.00783758884057715,4736,"tags=45%, list=26%, signal=33%","6513/112399/4233/4893/7039/5879/5155/1026/3091/10298/5062/5058/5604/54583/5781/3845/8453/2271/1399/7422/7042/5546/5605/5595/208/5908/3265/2885/1398"
"hsa04975","Fat digestion and absorption",39,-0.530945675105932,-1.70986433747043,0.00305644705827019,0.0133229743565624,0.00808452933091711,1603,"tags=23%, list=9%, signal=21%","5320/376497/1056/948/8399/50487/26279/84647/5319"
"hsa04270","Vascular smooth muscle contraction",132,-0.364386412194743,-1.4431927586725,0.00331064005601754,0.0142483242917211,0.00864604198506913,3625,"tags=36%, list=20%, signal=29%","148/775/673/810/4882/108/5583/100137049/340156/163688/8605/5580/10242/113/9138/196883/4880/185/10203/5581/123745/3708/10266/111/4878/5332/4629/5320/796/2977/3709/4881/778/10268/115/776/8681/8398/4660/8399/5330/5579/5588/50487/26279/84647/255189/5319"
"hsa04810","Regulation of actin cytoskeleton",227,0.351919911128857,1.42085308378788,0.0038657225893388,0.0164293210046899,0.00996949509882112,3697,"tags=34%, list=20%, signal=28%","3691/128239/5217/3688/22801/3678/81624/50649/2335/3673/87/5881/10552/3693/9564/1072/3655/81/4893/5962/2768/3685/10095/5879/2147/5155/3675/3984/7414/79837/71/8936/60/5829/7410/10298/10096/5499/10787/6237/10627/5062/4627/3696/5216/5058/28964/5604/8976/10094/10097/6714/23191/103910/54961/3845/2250/56034/55970/7430/3690/624/623/3827/10093/1399/5501/9087/10092/2245/10109/4659/9965/81873/10672/5605/387/5500"
"hsa03450","Non-homologous end-joining",12,0.724922343974516,1.67369926386668,0.00443186960643683,0.0185931682091387,0.0112825416996631,2750,"tags=42%, list=15%, signal=35%","2237/5591/2547/7520/7518"
"hsa00510","N-Glycan biosynthesis",53,0.497254747049379,1.62104936320229,0.00448423468573346,0.0185931682091387,0.0112825416996631,4439,"tags=47%, list=24%, signal=36%","2683/146664/10195/79644/8704/58505/1603/3703/79053/23193/6185/1650/4124/11282/8813/6184/1798/57171/746/11253/84920/4247/7841/7991/22845"
"hsa00062","Fatty acid elongation",23,0.620548081518262,1.7062251995715,0.00466200699594556,0.0189090253474709,0.0114742073315922,4650,"tags=52%, list=26%, signal=39%","79071/11332/9374/83401/79993/122970/3030/64834/6785/60481/284486/1892"
"hsa05416","Viral myocarditis",65,-0.449191299288316,-1.59434544844096,0.00470790284494179,0.0189090253474709,0.0114742073315922,3082,"tags=38%, list=17%, signal=32%","3133/5551/3134/3689/3383/1756/6445/3908/2534/6641/940/6442/3109/3122/3117/3683/3123/3113/3108/3112/3115/3111/959/3127/3119"
"hsa04066","HIF-1 signaling pathway",106,0.417495491218616,1.5229598199002,0.00472725633686772,0.0189090253474709,0.0114742073315922,4145,"tags=35%, list=23%, signal=27%","6513/5054/112399/2597/5214/1978/3099/3939/226/5230/4055/2023/7076/3945/1906/1026/3091/7037/3569/80201/5604/54583/285/5970/8453/1977/3098/3480/6199/7422/2321/5605/5595/2064/1956/5578/208"
"hsa00565","Ether lipid metabolism",44,-0.495873428977065,-1.63808967728866,0.00522293596565337,0.0204114738887603,0.0123859098520031,699,"tags=23%, list=4%, signal=22%","8681/8398/122618/8399/79888/50487/26279/84647/255189/5319"
"hsa05140","Leishmaniasis",72,-0.425719713147135,-1.53946105993603,0.00517749902785397,0.0204114738887603,0.0123859098520031,2006,"tags=29%, list=11%, signal=26%","7124/2353/1536/1378/718/3676/4689/3593/3109/3122/3117/5579/3123/3113/3108/3112/3115/3111/7097/3127/3119"
"hsa00270","Cysteine and methionine metabolism",49,0.495208074195857,1.59086122867026,0.00558466602421285,0.0215771187299133,0.013093236133322,2611,"tags=39%, list=14%, signal=33%","2729/3939/2730/29968/6611/3945/191/4191/6723/26227/58478/1789/2806/2937/2805/113675/1491/4190/10993"
"hsa05212","Pancreatic cancer",76,0.446330400643727,1.55511558597266,0.00585571717128285,0.0223701554857997,0.0135744596755936,4200,"tags=47%, list=23%, signal=37%","5888/1869/5881/1021/7039/1870/5899/5879/5898/595/1026/1647/10928/4088/598/1019/6772/5337/5604/1029/1871/5970/3845/578/675/7046/1147/6199/7422/7042/5595/2064/842/1956/208/4616"
"hsa05219","Bladder cancer",41,0.529150537735234,1.64847706750426,0.00616176510706419,0.0232777792933536,0.0141252159179483,4054,"tags=59%, list=22%, signal=46%","4312/3576/1869/7057/4893/1870/4609/595/1026/1019/4318/5604/1029/6714/4313/1871/1613/3845/7422/999/5605/5595/2064/1956"
"hsa05017","Spinocerebellar ataxia",139,0.384430695721895,1.46219645140699,0.00664612416897534,0.0248316727192485,0.0150681357677174,4429,"tags=42%, list=24%, signal=32%","2906/54205/5708/7417/7416/5704/10213/5693/5717/10105/11047/5691/5707/5709/5686/5713/5714/60673/5701/5688/488/6712/5695/5331/10528/5710/146227/4976/5694/5700/5718/5692/5690/5685/90550/5702/5689/5705/29982/23236/5715/292/26100/7419/7186/2959/10939/5683/5719/8408/4800/5687/5578/208/5706/11273/6667/5682/6908"
"hsa05144","Malaria",49,-0.466322281934137,-1.58206676728839,0.00710904869631365,0.0262725712689852,0.015942489067248,3010,"tags=45%, list=17%, signal=38%","3689/5175/3039/6401/975/1440/3383/22914/7124/1378/2995/3082/948/3043/3040/6403/3683/3820/7060/7097/959/2532"
"hsa04742","Taste transduction",85,-0.402176466179587,-1.49860312557141,0.00760293892009619,0.0274999918386458,0.0166873015491473,4453,"tags=40%, list=25%, signal=30%","346562/9033/5024/2784/259290/259292/50831/170572/259294/50838/259296/112/259293/50839/9568/775/50840/54429/29850/5136/3355/6328/196883/259295/50832/5153/5332/80835/22953/8645/5330/2550/6340/6338"
"hsa04974","Protein digestion and absorption",102,0.411614013336565,1.49812751483345,0.00759921669597026,0.0274999918386458,0.0166873015491473,1175,"tags=22%, list=6%, signal=20%","1301/1303/5646/1277/3783/1290/1281/1294/1289/1278/1300/1308/1306/1291/54407/1282/6564/1284/1292/50509/5644/6520"
"hsa04925","Aldosterone synthesis and secretion",98,-0.379454405857049,-1.43833294679885,0.00840412782463442,0.0300779311618495,0.018251623862918,4142,"tags=38%, list=23%, signal=29%","478/493/2776/112/775/810/1589/108/8913/5443/163688/113/196883/90993/3164/185/5587/5581/817/3708/3991/111/4878/5332/814/3709/4881/778/115/3762/482/776/3777/477/5330/5579/57118"
"hsa04750","Inflammatory mediator regulation of TRP channels",98,-0.374891559241082,-1.42103734417142,0.0100203354813416,0.0354886881630848,0.0215349315169183,3650,"tags=37%, list=20%, signal=30%","4914/5335/810/108/5583/100137049/163688/8605/5580/8503/113/196883/239/5581/123745/3554/817/9311/3357/3708/111/5332/5293/5295/5734/4803/3709/115/8681/8398/5336/5330/5579/5588/5602/255189"
"hsa05131","Shigellosis",217,0.334366989320992,1.34634353010059,0.0109368625048187,0.0383353943467873,0.0232623445571836,4754,"tags=42%, list=26%, signal=31%","3576/113026/5217/3688/3678/3099/87/8767/10552/54205/9564/81/7416/10095/5879/7132/7414/71/8936/60/5829/8915/10096/11335/598/80201/5331/2931/10627/826/2017/823/7321/5216/9474/7316/84335/8976/10094/10097/6714/5481/103910/4793/5970/7336/23236/10318/3098/7334/1147/10093/26100/1399/7186/6199/10092/824/837/10109/382/81873/387/10616/57521/55054/3611/375/81858/5595/4615/10163/10398/1956/6300/1729/208/8454/83660/29110/6885/929/6198/831/23118/8517/7323/8678/11146/1398/6233"
"hsa05150","Staphylococcus aureus infection",88,-0.385010752504142,-1.4349374093316,0.0114593123567988,0.0389616620131161,0.023642370757185,903,"tags=19%, list=5%, signal=18%","717/727/721/3109/3122/3117/6403/3683/3123/720/3113/3108/3112/3115/3111/3127/3119"
"hsa04020","Calcium signaling pathway",251,-0.303228890567606,-1.31836709242824,0.0113533889572894,0.0389616620131161,0.023642370757185,4074,"tags=35%, list=22%, signal=28%","6261/493/26281/100130933/6546/2776/4916/2774/5257/2903/8822/5260/4914/5335/148/775/810/5261/108/5256/4776/8913/57105/5136/340156/5733/163688/5533/2905/113/3270/5333/196883/4775/185/6262/844/291/5027/952/51196/817/3357/5737/1812/6869/55283/3708/56413/2254/4772/5153/5332/5026/4915/3082/5979/814/4485/4803/3709/7942/7852/845/2185/4773/778/115/2066/1910/3707/776/5023/22953/7134/8817/154/255231/10800/7125/5336/5330/9630/5579/2261/153/2263/57118"
"hsa04740","Olfactory transduction",413,-0.274418303537493,-1.246196936439,0.0113001100718604,0.0389616620131161,0.023642370757185,8457,"tags=63%, list=47%, signal=35%","134083/5568/389090/119749/219469/81309/390155/441670/79334/219986/390649/390883/122742/343173/26693/441669/81458/119765/341418/79346/390439/128360/390321/219436/125962/219873/219869/401665/282775/343169/26245/390151/391112/81341/81099/127074/442184/26188/391189/390093/390892/26689/391194/403273/127068/8392/138803/219965/26333/219447/26189/401992/26338/81318/390433/390437/79549/390264/127064/79490/127059/126370/26531/390154/8386/283365/391195/81168/390265/124538/391107/441308/127077/81442/138802/81328/130075/390260/442186/26341/254786/26476/285659/338674/442191/338751/219956/138799/81797/390082/8388/219417/81696/26648/341152/390431/403274/219870/256144/391191/390157/286362/138805/219464/121364/125958/26692/219981/26716/441933/79544/119687/127608/81469/122740/390162/81050/390261/125963/391192/403277/26538/391211/283189/390191/343172/403284/390201/390081/390326/255725/135941/26686/256148/219983/135946/81470/283093/26246/338662/143502/138804/26339/392376/219982/1260/347169/284521/219875/26740/393046/390075/390327/81466/390429/219487/81392/388761/390061/338755/392138/144125/390190/8390/26707/341416/4991/343170/128372/346517/127069/390195/127385/162998/390036/120787/392392/26737/119774/390442/392391/402317/79310/390197/79541/390059/391114/343171/138883/442361/26735/390181/26248/135924/390058/346525/81327/81697/8590/346528/219968/284532/79473/390037/120065/120066/390063/347168/26664/4993/341799/390445/401427/219874/127623/390064/283297/158131/286365/392390/26534/120776/387748/341276/390066/144124/254973/120775/6543/815/91860/138882/347468/340980/816/392309/390067/390077/138881/5138/402135/6547/79290/6546/2774/810/123041/5136/1258/163688/57101/121275/408/817/409/5153/3000/390072/1261/1262/83988/2788"
"hsa04660","T cell receptor signaling pathway",118,-0.360543159859437,-1.39769295191071,0.0116942731279238,0.0393668600345951,0.0238882494327574,2937,"tags=32%, list=16%, signal=27%","5133/925/5533/8503/4775/3937/9020/1437/7409/926/5525/27040/7124/920/2353/4772/5293/3932/1326/2534/5295/10125/917/1493/29851/4773/3551/915/919/940/9402/916/5788/3702/5588/7535/5602/959"
"hsa00670","One carbon pool by folate",19,0.624223432780638,1.63236913613688,0.0122278206725097,0.0407594022416989,0.0247332595646222,2530,"tags=53%, list=14%, signal=45%","10797/7298/25902/6472/1719/4522/471/160428/2618/10588"
"hsa04340","Hedgehog signaling pathway",52,-0.443126121328299,-1.5140463473061,0.0127579848613339,0.042113736435471,0.0255550846481496,2400,"tags=29%, list=13%, signal=25%","55733/408/8643/11127/84976/409/57467/5727/50937/894/6469/64399/596/4036/57758"
"hsa02010","ABC transporters",45,-0.464713898285098,-1.5470891737406,0.0136351921627068,0.0441997649155551,0.0268209099797177,2890,"tags=38%, list=16%, signal=32%","6833/24/10347/225/5243/10057/10060/23460/10349/10350/154664/10257/23461/10351/368/1080/21"
"hsa04970","Salivary secretion",91,-0.363529427078934,-1.35184157207423,0.013649927400392,0.0441997649155551,0.0268209099797177,4142,"tags=38%, list=23%, signal=30%","478/3778/493/2776/112/148/820/55503/1471/810/108/163688/113/5555/196883/952/5554/3708/111/5332/6844/4069/2977/3709/1473/115/482/477/154/5330/5579/280/153/362/1755"
"hsa00010","Glycolysis / Gluconeogenesis",67,0.457946011382429,1.56745433224089,0.0138387840796508,0.0443885527083139,0.0269354685165001,1400,"tags=27%, list=8%, signal=25%","2597/5214/55276/3099/5315/3939/7167/226/5230/222/5223/2023/2821/219/3945/5236/1737/1738"
"hsa03022","Basal transcription factors",43,0.496301163252175,1.560623017015,0.0155352333503283,0.0493642928888936,0.0299548031152419,6701,"tags=67%, list=37%, signal=43%","6878/6884/2961/2958/2967/6873/2960/2959/2068/2962/2969/2963/6908/6880/1022/404672/6883/6882/27097/8148/2965/6877/2071/9519/6874/2957/6881/6879/54457"
